province,h1_cons_p1,h1_cons_p2,h1_cons_p3,h1_cons_p4,h1_cons_p5,h1_cons_p6,h1_cons_p7,h1_cons_p8,h1_cons_p9,h1_cons_p10,h1_cons_p11,h1_cons_p12,h1_count_p1,h1_count_p2,h1_count_p3,h1_count_p4,h1_count_p5,h1_count_p6,h1_count_p7,h1_count_p8,h1_count_p9,h1_count_p10,h1_count_p11,h1_count_p12,h2_cons_p1,h2_cons_p2,h2_cons_p3,h2_cons_p4,h2_count_p1,h2_count_p2,h2_count_p3,h2_count_p4,h1_over_pattern,h1_tail_cons,h1_top10,h1_bottom50,h1_gini,h2_gini,h1_median_tier,temp,climate_expected,climate_residual
آذربایجان شرقی,23.48,23.68,15.48,11.29,7.79,5.29,3.7,2.5,1.7,1.2,0.9,3.0,45.05,23.72,10.91,6.91,4.6,3.1,2.0,1.2,0.8,0.5,0.4,0.8,45.2,26.8,23.1,4.9,62.1,21.7,12.8,3.4,37.36,12.99,20.3,28.42,0.2827,0.1848,2.21,12.6,37.12,0.24
آذربایجان غربی,17.32,22.02,17.22,13.21,9.11,6.21,4.3,3.0,2.1,1.5,1.0,3.0,36.83,24.55,13.27,8.38,5.59,3.79,2.5,1.7,1.1,0.7,0.5,1.1,41.4,26.6,26.0,6.0,55.0,23.5,16.6,4.9,43.44,14.91,18.87,29.13,0.2792,0.1512,2.54,11.6,38.76,4.68
اردبیل,17.82,20.92,17.72,14.31,9.71,6.51,4.2,2.7,1.8,1.2,0.8,2.3,36.63,24.45,14.27,8.78,5.69,3.69,2.3,1.5,0.9,0.6,0.4,0.8,46.7,27.0,22.3,4.0,59.76,20.12,14.61,5.51,43.54,13.01,19.2,29.26,0.2803,0.1228,2.55,9.5,42.2,1.34
اصفهان,26.7,26.4,15.0,10.5,6.9,4.6,3.0,2.0,1.3,0.9,0.7,2.0,48.1,25.15,10.68,6.09,3.69,2.3,1.4,0.9,0.6,0.4,0.2,0.5,46.9,25.8,22.5,4.8,63.64,21.68,11.89,2.8,31.9,9.9,21.43,28.69,0.2758,0.1881,2.08,16.5,30.73,1.17
البرز,32.0,29.4,15.1,8.0,4.7,2.9,1.9,1.3,1.0,0.7,0.5,2.5,54.6,25.5,9.6,4.6,2.4,1.3,0.7,0.4,0.3,0.2,0.1,0.3,52.2,24.0,19.4,4.4,67.9,19.7,10.3,2.1,23.5,7.9,22.98,29.3,0.2773,0.1746,1.92,15.6,32.21,-8.71
ایلام,32.27,28.87,14.89,9.49,5.49,3.4,2.2,1.6,0.7,0.4,0.2,0.5,62.84,23.18,7.49,3.1,1.5,0.8,0.5,0.3,0.1,0.1,0.0,0.1,41.06,28.17,27.07,3.7,70.63,18.38,9.49,1.5,23.98,5.6,30.94,25.68,0.3654,0.3208,1.8,17.4,29.26,-5.28
بوشهر,51.25,24.78,10.59,5.19,2.9,1.8,1.0,0.7,0.4,0.7,0.1,0.6,80.8,12.9,4.0,1.2,0.5,0.3,0.1,0.1,0.0,0.1,0.0,0.0,47.65,26.53,22.12,3.7,80.08,12.41,6.71,0.8,13.39,3.5,31.08,31.71,0.3143,0.3372,1.62,25.2,16.48,-3.09
تهران,28.17,28.87,15.68,8.29,5.0,3.2,2.2,1.7,1.2,1.0,0.7,4.0,57.0,25.9,8.9,3.8,1.9,1.0,0.5,0.3,0.2,0.1,0.1,0.3,56.3,22.7,17.0,4.0,65.3,20.9,10.8,3.0,27.27,10.79,30.44,24.71,0.3675,0.1018,1.88,17.2,29.58,-2.31
چهارمحال و بختیاری,21.0,24.5,16.3,12.4,8.5,5.7,3.7,2.4,1.6,1.2,0.7,2.0,45.05,24.48,11.49,6.79,4.5,2.8,1.8,1.1,0.7,0.4,0.3,0.6,39.4,27.3,27.6,5.7,60.76,21.62,14.31,3.3,38.2,11.6,21.66,25.95,0.3168,0.2366,2.2,12.0,38.1,0.1
خراسان جنوبی,43.6,27.0,11.9,7.5,4.1,2.2,1.3,0.8,0.5,0.3,0.2,0.6,69.5,18.7,6.2,2.8,1.4,0.6,0.3,0.2,0.1,0.1,0.0,0.1,44.36,28.07,23.28,4.3,71.5,17.4,9.5,1.6,17.5,3.7,25.95,31.37,0.2873,0.2886,1.72,17.0,29.91,-12.41
خراسان رضوی,38.92,28.44,13.27,7.39,4.09,2.4,1.6,1.0,0.7,0.5,0.4,1.3,59.94,23.88,8.59,3.8,1.8,0.9,0.5,0.2,0.1,0.1,0.1,0.1,50.65,25.53,19.82,4.0,68.07,19.72,10.21,2.0,19.36,5.49,23.08,32.47,0.2513,0.1901,1.83,14.7,33.68,-14.32
خراسان شمالی,27.53,24.72,15.22,11.51,7.31,4.7,3.0,1.9,1.3,0.8,0.6,1.4,51.35,22.58,10.19,6.09,3.8,2.3,1.4,0.9,0.5,0.3,0.2,0.4,46.4,27.4,22.2,4.0,65.17,20.82,11.31,2.7,32.53,9.01,21.42,26.8,0.2935,0.2023,1.97,13.5,35.65,-3.12
خوزستان,31.1,30.0,16.0,9.3,5.2,2.9,1.8,1.1,0.7,0.5,0.3,1.1,60.66,22.32,8.91,3.8,1.8,1.0,0.6,0.3,0.2,0.1,0.1,0.2,49.6,27.2,19.7,3.5,67.4,21.6,8.9,2.1,22.9,5.5,26.3,25.63,0.3404,0.1972,1.82,25.5,15.99,6.91
زنجان,22.75,24.35,16.13,11.62,7.82,5.31,3.71,2.51,1.7,1.2,0.8,2.1,42.2,25.6,11.4,6.9,4.6,3.1,2.1,1.4,0.9,0.6,0.4,0.8,47.1,25.8,22.2,4.9,60.54,22.28,13.39,3.8,36.77,12.03,18.52,30.16,0.2628,0.1486,2.3,11.6,38.76,-1.99
سمنان,35.2,27.1,13.5,8.6,5.3,3.5,2.1,1.4,0.9,0.6,0.4,1.4,64.04,21.88,7.09,3.2,1.6,0.9,0.5,0.3,0.2,0.1,0.1,0.1,49.55,25.53,20.92,4.0,72.8,16.4,9.0,1.8,24.2,6.8,29.92,27.48,0.3429,0.2457,1.78,17.5,29.09,-4.89
سیستان و بلوچستان,36.06,27.77,15.78,8.29,4.7,2.7,1.4,0.9,0.6,0.4,0.3,1.1,58.68,23.85,9.58,3.79,1.9,0.9,0.5,0.3,0.2,0.1,0.1,0.1,47.3,25.1,21.3,6.3,68.53,19.18,9.79,2.5,20.38,4.7,23.87,30.73,0.2728,0.2353,1.85,22.5,20.9,-0.52
فارس,35.46,27.57,13.49,8.59,5.19,3.3,2.0,1.3,0.9,0.6,0.4,1.2,61.36,22.12,7.91,3.9,2.0,1.1,0.6,0.4,0.2,0.1,0.1,0.2,40.3,26.8,27.0,5.9,67.9,19.0,10.9,2.2,23.48,6.4,25.85,28.9,0.3048,0.3039,1.81,18.0,28.27,-4.79
قزوین,29.2,25.9,15.9,10.5,6.5,4.5,2.5,1.4,1.0,0.7,0.4,1.5,53.1,23.6,10.6,5.6,3.0,1.8,0.9,0.5,0.3,0.2,0.1,0.3,49.75,26.17,20.78,3.3,66.4,20.3,11.0,2.3,29.0,7.5,23.94,27.5,0.2995,0.1794,1.94,13.5,35.65,-6.65
قم,37.44,31.73,14.11,7.01,3.6,2.1,1.3,0.8,0.5,0.3,0.2,0.9,55.86,27.43,9.41,3.8,1.7,0.8,0.4,0.2,0.1,0.1,0.1,0.1,53.2,24.5,18.4,3.9,69.1,19.7,9.3,1.9,16.72,4.0,20.76,33.51,0.2229,0.1756,1.9,18.5,27.45,-10.73
کردستان,15.42,24.82,19.32,14.81,9.41,5.91,3.8,2.3,1.5,0.9,0.6,1.2,31.63,25.33,15.22,9.81,6.51,4.2,2.7,1.7,1.1,0.7,0.4,0.7,42.4,27.1,25.0,5.5,53.65,23.82,16.82,5.71,40.44,10.31,14.09,33.42,0.2127,0.1191,2.73,13.0,36.47,3.97
کرمان,26.3,22.1,15.1,12.8,7.7,4.8,3.2,2.1,1.5,1.0,0.7,2.7,61.1,18.5,8.2,4.8,2.6,1.6,1.0,0.7,0.4,0.3,0.2,0.6,47.35,28.37,21.28,3.0,64.7,21.1,11.3,2.9,36.5,11.2,30.63,21.52,0.4127,0.1816,1.82,16.5,30.73,5.77
کرمانشاه,22.32,27.33,17.62,12.71,7.21,4.4,2.8,1.8,1.0,0.7,0.5,1.6,41.44,27.43,12.71,7.31,4.2,2.6,1.6,1.0,0.6,0.4,0.2,0.5,45.1,25.9,24.2,4.8,63.4,21.7,12.2,2.7,32.73,8.41,18.12,30.85,0.2549,0.2067,2.31,14.5,34.01,-1.28
کهگیلویه و بویراحمد,20.02,18.82,12.61,11.81,9.41,7.11,5.21,4.1,3.2,2.0,1.4,4.3,55.26,21.42,8.31,5.31,3.6,2.2,1.4,0.8,0.5,0.3,0.2,0.7,38.4,28.1,28.8,4.7,62.6,21.0,13.5,2.9,48.55,20.22,37.38,18.12,0.4756,0.2643,1.9,16.0,31.55,17.0
گلستان,21.98,25.87,18.28,13.09,7.89,4.7,2.8,1.7,1.0,0.7,0.5,1.5,49.1,24.1,12.6,6.8,3.5,1.8,0.9,0.5,0.3,0.1,0.1,0.2,48.1,25.1,21.8,5.0,69.8,18.5,9.7,2.0,33.87,8.19,25.78,22.94,0.3509,0.2377,2.04,18.0,28.27,5.6
گیلان,14.87,21.86,17.56,14.17,10.08,6.99,4.69,3.09,2.1,1.4,0.9,2.3,45.39,21.44,11.52,7.62,5.11,3.31,2.1,1.3,0.8,0.5,0.3,0.6,50.45,25.93,20.22,3.4,66.57,18.92,11.41,3.1,45.71,14.47,23.59,19.57,0.3907,0.1658,2.21,16.4,30.9,14.81
لرستان,22.8,25.9,15.8,11.0,7.8,6.1,3.2,2.0,1.4,1.0,0.8,2.2,42.9,28.8,12.2,6.3,3.6,2.3,1.3,0.8,0.5,0.4,0.3,0.6,47.9,25.6,22.2,4.3,61.3,23.0,13.1,2.6,35.5,10.6,24.85,29.19,0.2995,0.1546,2.25,17.0,29.91,5.59
مازندران,10.9,19.8,17.2,14.2,10.6,7.7,5.5,3.7,2.6,1.8,1.3,4.7,45.25,20.48,10.79,7.29,5.09,3.5,2.4,1.6,1.1,0.7,0.5,1.3,48.25,24.82,22.32,4.6,70.2,16.8,10.5,2.5,52.1,19.6,24.9,15.49,0.4425,0.2317,2.23,17.0,29.91,22.19
مرکزی,30.26,25.65,14.63,10.12,6.31,4.21,2.61,1.8,1.2,0.8,0.6,1.8,55.74,22.18,8.89,4.9,3.0,1.8,1.2,0.8,0.5,0.3,0.2,0.5,48.0,26.1,21.6,4.3,68.4,19.2,10.3,2.1,29.46,8.81,22.87,27.14,0.3049,0.2213,1.9,14.0,34.83,-5.37
هرمزگان,58.98,22.16,8.68,4.39,2.2,1.1,0.8,0.5,0.3,0.2,0.2,0.5,89.0,7.1,2.2,0.9,0.4,0.2,0.1,0.1,0.0,0.0,0.0,0.0,48.1,29.6,17.8,4.5,78.7,15.1,5.5,0.7,10.18,2.5,37.9,33.14,0.306,0.3226,1.56,27.0,13.53,-3.35
همدان,21.12,23.72,15.92,12.01,8.21,5.61,3.9,2.7,1.9,1.3,0.9,2.7,42.2,24.8,11.9,7.2,4.7,3.1,2.0,1.3,0.9,0.6,0.4,0.9,45.1,27.0,23.6,4.3,60.84,22.48,13.39,3.3,39.24,13.41,20.42,28.58,0.288,0.173,2.31,11.5,38.92,0.32
یزد,37.34,24.92,12.81,8.11,5.21,3.4,2.2,1.5,1.1,0.7,0.6,2.1,66.33,18.08,6.89,3.6,2.0,1.1,0.7,0.4,0.3,0.2,0.1,0.3,46.9,25.9,22.3,4.9,71.07,17.52,9.61,1.8,24.92,8.21,27.36,28.14,0.3285,0.2605,1.75,19.5,25.82,-0.9
کل کشور,25.43,25.63,15.82,10.71,6.91,4.6,3.1,2.1,1.4,1.0,0.7,2.6,51.9,23.6,10.1,5.5,3.3,2.0,1.3,0.8,0.5,0.3,0.2,0.5,48.4,25.5,21.6,4.5,65.77,20.12,11.41,2.7,33.13,10.91,24.56,24.49,0.3333,0.1895,1.96,,,
